ID,Job Position
assistant-to-the-adm,Assistant to the ADM
associate-deputy-minister,Associate Deputy Minister
corporate-secretary,Corporate Secretary
"tech-adv,-business-analysis","Tech Adv, Business Analysis"
advisor,Advisor
jr-analyst-atip-operations,Jr Analyst ATIP Operations
team-leader,Team Leader
manager-atip-operations,Manager ATIP Operations
atip-program-officer,ATIP Program Officer
manager,Manager
senior-analyst,Senior Analyst
"analyst,-data-and-reporting","Analyst, Data and Reporting"
"team-leader,-bms","Team Leader, BMS"
"officer,-business-services","Officer, Business Services"
coordinator,Coordinator
senior-advisor,Senior Advisor
team-leader-min-corresp-mgmt,Team Leader Min Corresp Mgmt
information-systems-analyst,Information Systems Analyst
information-management-admin,Information Management Admin
correspondence-coordinator,Correspondence Coordinator
correspondence-analyst,Correspondence Analyst
sr-correspondence-analyst,Sr Correspondence Analyst
correspondence-editor,Correspondence Editor
correspondence-writer,Correspondence Writer
sr-correspondence-writer,Sr Correspondence Writer
english-correspondence-writer,English Correspondence Writer
ministerial-briefing-officer,Ministerial Briefing Officer
senior-ministerial-advisor,Senior Ministerial Advisor
director,Director
sr-strategic-planning-advisor,Sr Strategic Planning Advisor
privacy-officer,Privacy Officer
senior-privacy-officer,Senior Privacy Officer
policy-officer,Policy Officer
senior-policy-analyst,Senior Policy Analyst
commissioner-employers,Commissioner Employers
policy-analyst,Policy Analyst
executive-assistant,Executive Assistant
commissioner-workers,Commissioner workers
deputy-minister,Deputy Minister
chief-financial-officer-and-senior-assistant-deputy-minister,Chief Financial Officer and Senior Assistant Deputy Minister
deputy-chief-financial-officer,Deputy Chief Financial Officer
administrative-assistant,Administrative Assistant
generalist-admin-services,Generalist Admin Services
event-coordinator,Event Coordinator
"team-leader,-it","Team Leader, IT"
information-management-broker,Information Management Broker
chief-of-staff,Chief of Staff
"head,-executive-services","Head, Executive Services"
officer-administrative,Officer Administrative
administrative-officer,Administrative Officer
team-leader-executive-service,Team Leader Executive Service
director-general,Director General
office-mgr-executive-assistant,Office Mgr Executive Assistant
executive-director,Executive Director
financial-analyst,Financial Analyst
chief-resource-allocation-mgmt,Chief Resource Allocation Mgmt
senior-financial-analyst,Senior Financial Analyst
"director,-financial-management-services","Director, Financial Management Services"
director-fin-advisory-service,Director Fin Advisory Service
manager-financial-services,Manager Financial Services
chief-multi-year-plan-expen,Chief Multi Year Plan Expen
senior-director,Senior Director
chief-dept-appropriations,Chief Dept Appropriations
head-multi-year-plan-estimate,Head Multi Year Plan Estimate
"senior-director,-financial-management-services,-policy","Senior Director, Financial Management Services, Policy"
sr-plan-account-process-offcr,Sr Plan Account Process Offcr
financial-analyst-govt-empl,Financial Analyst Govt Empl
director-fin-advisory-services,Director Fin Advisory Services
project-manager-fin-pol-syst,Project Manager Fin Pol Syst
director-performance-tracking,Director Performance Tracking
senior-director-general,Senior Director General
manager-of-finances,Manager of finances
chief-corporate-accounting,Chief Corporate Accounting
fas-admin-and-project-supp-off,FAS Admin and Project Supp Off
director-corporate-accounting,Director Corporate Accounting
chief-fiscal-accounting,Chief Fiscal Accounting
chief-acctg-quality-assurance,Chief Acctg Quality Assurance
chief-accountant,Chief Accountant
senior-internal-control-officr,Senior Internal Control Officr
project-analyst,Project Analyst
chief-expenditure-operations,Chief Expenditure Operations
"financial-advisor,-financial-management-advisory-services","Financial Advisor, Financial Management Advisory Services"
"team-leader,-admin-services","Team Leader, Admin Services"
financial-services-clerk,Financial Services Clerk
financial-performance-analyst,Financial Performance Analyst
"coord,-cost-analysis-report","Coord, Cost Analysis Report"
principal-advisor-fin-serv,Principal Advisor Fin Serv
financial-services-advisor,Financial Services Advisor
financial-officer,Financial Officer
chief-post-audit-accounting,Chief Post Audit Accounting
financial-advisor,Financial Advisor
"director-general---investment,-procurement-and-project-management","Director General - Investment, Procurement and Project Management"
"manager,-apmpp","Manager, APMPP"
"sr-mgr,-procurement-services","Sr Mgr, Procurement Services"
"manager,-procurement-services","Manager, Procurement Services"
"senior-specialist,-procurement","Senior Specialist, Procurement"
"specialist,-procurement","Specialist, Procurement"
contract-spclst-branch-expert,Contract Spclst Branch Expert
contracting-procurement-agent,Contracting Procurement Agent
"officer,-procurement","Officer, Procurement"
director-project-services,Director Project Services
head-project-services,Head Project Services
junior-policy-analyst,Junior Policy Analyst
business-analyst,Business Analyst
sr.-proj-port-assurance-analys,Sr. Proj Port Assurance Analys
govern-&-proj/-port-analyst,Govern & Proj/ Port Analyst
junior-portfolio-analyst,Junior Portfolio Analyst
"analyst,-business-analysis","Analyst, Business Analysis"
learning-coordinator/analyst,Learning Coordinator/Analyst
learn-consult/instruc-designer,Learn Consult/Instruc Designer
facilitator/-trainer,Facilitator/ Trainer
project-leader,Project Leader
"sr-anlst,-bus.-solution-supp.","Sr Anlst, Bus. Solution Supp."
"manager,-bus.-solution-supp.","Manager, Bus. Solution Supp."
service-desk-agent,Service Desk Agent
team-leader-national-serv-desk,Team Leader National Serv Desk
"sr-manager,-sap-procurement","Sr Manager, SAP Procurement"
manager-acctg-ops-fin-policy,Manager Acctg Ops Fin Policy
"manager,-business-analysis","Manager, Business Analysis"
director-loans-acct-receivable,Director Loans Acct Receivable
strategic-advisor,Strategic Advisor
planning-officer-mgmt-project,Planning Officer Mgmt project
finance-plan-rptg-syst-officer,Finance Plan Rptg Syst Officer
real-property-project-manager,Real Property Project Manager
manager-business-client-supp,Manager Business Client Supp
"facilities,-policy-&-plan-adv","Facilities, Policy & Plan Adv"
accom-project-leader,Accom Project Leader
accom-telecom-project-officer,Accom Telecom Project Officer
corp-plan-standards-officer,Corp Plan Standards Officer
chief-corporate-assets,Chief Corporate Assets
sr-client-serv-representative,Sr Client Serv Representative
mail-office-services-clerk,Mail Office Services Clerk
storesperson,Storesperson
inventory-clerk,Inventory Clerk
regional-director,Regional Director
manager-strategic-planning,Manager Strategic Planning
chief-financial-management,Chief Financial Management
regional-financial-officer,Regional Financial Officer
real-property-project-officer,Real Property Project Officer
asset-officer,Asset Officer
real-prprty-acquisition-offcr,Real Prprty Acquisition Offcr
administrative-coordinator,Administrative Coordinator
corporate-services-advisor,Corporate Services Advisor
"sr-mgr,-real-prop-asst-mgmt","Sr Mgr, Real Prop Asst Mgmt"
regional-director-finance,Regional Director Finance
financial-services-officer,Financial Services Officer
chief-financial-services,Chief Financial Services
manager-financial-operations,Manager Financial Operations
"asset,-team-leader","Asset, Team Leader"
administrative-clerk,Administrative Clerk
"admin.-officer,-real-property","Admin. Officer, Real Property"
"senior-analyst,-business-anlys","Senior Analyst, Business Anlys"
senior-learning-consultant,Senior Learning Consultant
multimedia-technician,Multimedia Technician
technical-advisor,Technical Advisor
manager-learning-services,Manager Learning Services
multimedia-programmer,Multimedia Programmer
sr-e-learning-specialist,Sr E Learning Specialist
"coordinator,-project-services","Coordinator, Project Services"
"assistant,-executive-services","Assistant, Executive Services"
courseware-developer,Courseware Developer
language-training-specialist,Language Training Specialist
sr-planning-reporting-spec,Sr Planning Reporting Spec
learning-coordinator,Learning Coordinator
learning-consultant,Learning Consultant
language-learning-specialist,Language Learning Specialist
senior-program-officer,Senior Program Officer
exec.-dir.,Exec. Dir.
sr-hr-adv-pol/prog,Sr HR Adv Pol/Prog
hrc-coordinator,HRC Coordinator
manager-hr-council,Manager HR Council
"manager,-bms","Manager, BMS"
"sr.-manager,-project-services","Sr. Manager, Project Services"
manager-policy/programs,Manager Policy/Programs
manager-communications,Manager Communications
senior-communications-advisor,Senior Communications Advisor
communications-advisor,Communications Advisor
data-analysis-coordinator,Data Analysis Coordinator
data-collection-specialist,Data Collection Specialist
"manager,-wwa-&-data-reporting","Manager, WWA & Data Reporting"
program-officer,Program Officer
hr-services-assistant,HR Services Assistant
"officer,-project-services","Officer, Project Services"
"manager,-project-services","Manager, Project Services"
hr-coordinator,HR Coordinator
sr-hr-adv-centre-expertise,Sr HR Adv Centre Expertise
"asst-dir,-client-services","Asst Dir, Client Services"
hr-consultant,HR Consultant
hr-advisor-developmental,HR Advisor Developmental
hr-advisor,HR Advisor
hr-general-advisor,HR General Advisor
manager-client-services,Manager Client Services
hr-assistant,HR assistant
regional-hr-advisor,Regional HR Advisor
hr-corporate-advisor,HR Corporate Advisor
officer-project-services,Officer Project Services
senior-evaluation-officer,Senior Evaluation Officer
manager-hr,Manager HR
employment-equity-ol-consult,Employment Equity OL Consult
hr-regional-advisor,HR Regional Advisor
"senior-hr-manager,-ohs","Senior HR Manager, OHS"
hr-advisor-specialist,HR Advisor Specialist
manager-centre-of-expertise,Manager Centre of Expertise
senior-project-manager,Senior Project Manager
"advisor,-values-&-ethics","Advisor, Values & Ethics"
values-&-ethiques-support-off.,Values & Ethiques Support Off.
hr-advisor-pol-and-prog,HR Advisor Pol and Prog
infrml-confl-mgmt-practnr,Infrml Confl Mgmt Practnr
sr-infrml-confl-mgmt-practnr,Sr Infrml Confl Mgmt Practnr
informal-conflict-mgnt-project,Informal Conflict Mgnt Project
"officer,-human-res.-serv.","Officer, Human Res. Serv."
coordinator-admin-services,Coordinator Admin Services
senior-assistant-deputy-minister,Senior Assistant Deputy Minister
project-manager,Project Manager
medical-advisor,Medical Advisor
junior-project-officer,Junior Project Officer
program-assistant,Program Assistant
senior-project-officer,Senior Project Officer
project-officer,Project Officer
senior-program-manager,Senior Program Manager
senior-program-advisor,Senior Program Advisor
program-project-analyst,Program Project Analyst
assistant-administrative-prog,Assistant Administrative Prog
"senior-manager,-project","Senior Manager, Project"
consultant,Consultant
junior-researcher,Junior Researcher
program-consultant,Program Consultant
senior-planning-officer,Senior Planning Officer
program-support-officer,Program Support Officer
senior-policy-strategist,Senior Policy Strategist
special-advisor,Special Advisor
a/program-manager,A/Program Manager
"coordinator,-admin-services","Coordinator, Admin Services"
business-expertise-consultant,Business Expertise Consultant
senior-legislation-officer,Senior Legislation Officer
legislation-officer,Legislation Officer
research-advisor,Research Advisor
researcher,Researcher
senior-model-analyst,Senior Model Analyst
sr.-dir.,Sr. Dir.
correspd-briefg-liaison-offcr,Correspd Briefg Liaison Offcr
dg,DG
"asst,-administrative-services","Asst, Administrative Services"
information-management-analyst,Information Management Analyst
"officer,-administrative-serv","Officer, Administrative Serv"
language-quality-advisor,Language Quality Advisor
assistant-deputy-minister-&-chief-information-officer,Assistant Deputy Minister & Chief Information Officer
"director-general,-business-integration-and-alignment,-innovation,-information-and-technology","Director General, Business Integration and Alignment, Innovation, Information and Technology"
manager-im-it,Manager IM IT
executive-office-coordinator,Executive Office Coordinator
director-im-it,Director IM IT
team-leader-program-anlst--im,Team Leader Program Anlst  IM
im/it-programmer/analyst,IM/IT Programmer/Analyst
"tl,-im/it-program-analyst","TL, IM/IT Program Analyst"
senior-business-analyst,Senior Business Analyst
im/it-programmer,IM/IT Programmer
im-it-technical-specialist,IM IT Technical Specialist
"assistant,-administrative-serv","Assistant, Administrative Serv"
im-it-manager,IM IT Manager
tech-adv-enterprise-architec,Tech Adv Enterprise Architec
tech-adv-application-dev,Tech Adv Application Dev
team-leader-tech-support-im-it,Team Leader Tech Support IM IT
im/it-technical-support-analys,IM/IT Technical Support Analys
technician-im-it,Technician IM IT
information-management-officer,Information Management Officer
web-development-officer,Web Development Officer
sr-manager-service-delivery,Sr Manager Service Delivery
"tech-advisor,-application-dev","Tech Advisor, Application Dev"
"technical-specialist,-im/it","Technical Specialist, IM/IT"
office-manager,Office Manager
chief-audit-executive,Chief Audit Executive
internal-audit-principal,Internal Audit Principal
senior-internal-auditor,Senior Internal Auditor
internal-auditor-developmental,Internal Auditor Developmental
audit-team-leader,Audit Team Leader
sr-adv-info-tech-it-auditor,Sr Adv Info Tech IT Auditor
assistant-deputy-minister,Assistant Deputy Minister
"coord,-executive-services","Coord, Executive Services"
finance-administration-officer,Finance Administration Officer
strategic-planner,Strategic Planner
senior-research-advisor,Senior Research Advisor
program-manager,Program Manager
information-integrity-officer,Information Integrity Officer
data-statistical-anls-officer,Data Statistical Anls Officer
senior-data-analyst,Senior Data Analyst
program-advisor,Program Advisor
admin-program-assistant,Admin Program Assistant
assistant-financial-consultant,Assistant Financial Consultant
comptroller,Comptroller
financial-assistant,Financial Assistant
learning-strategist,Learning Strategist
"sr-advisor,-planning-&-anls","Sr Advisor, Planning & Anls"
manager-resource-management,Manager Resource Management
special-advisor-adm,Special Advisor ADM
"coord,-briefings-&-correspd","Coord, Briefings & Correspd"
senior-paralegal-officer,Senior Paralegal Officer
sr-dispute-resolution-advisory,Sr Dispute Resolution Advisory
paralegal-officer,Paralegal Officer
manager-paralegal-services,Manager Paralegal Services
"officer,-executive-services","Officer, Executive Services"
office-assistant,Office Assistant
team-leader-management-service,Team Leader Management Service
manager-operations,Manager Operations
chief-records-informations,Chief Records Informations
junior-communication-officer,Junior Communication Officer
communications-manager,Communications Manager
communications-officer,Communications Officer
"team-leader,-project-services","Team Leader, Project Services"
"team-lead,-senior-communications-advisor","Team Lead, Senior Communications Advisor"
chief-planning-coord,Chief Planning Coord
director-manager-comm,Director Manager Comm
analyst,Analyst
junior-analyst,Junior Analyst
associate-assistant-deputy-minister,Associate Assistant Deputy Minister
advisor-to-associate-adm,Advisor to Associate ADM
correspondence-officer,Correspondence Officer
business-technical-language,Business Technical Language
programmer,Programmer
rsrch.-database-administrator,Rsrch. Database Administrator
database-administrator,Database Administrator
executive-advisor,Executive Advisor
"sr-officer,-quality-control","Sr Officer, Quality Control"
"project-manager,-geomatics","Project Manager, Geomatics"
"data-officer,-geomatics","Data Officer, Geomatics"
"senior-manager,-geomatics","Senior Manager, Geomatics"
"manager,-geomatics","Manager, Geomatics"
team-leader-admin-serv,Team Leader Admin Serv
"assistant,-project-services","Assistant, Project Services"
senior-adm-strategic-policy-resources,Senior ADM Strategic Policy Resources
chief-data-officer,Chief Data Officer
manager-strategic-policy,Manager Strategic Policy
computer-programmer,Computer Programmer
chief-computer-systems,Chief Computer Systems
computer-programmer-analyst,Computer Programmer Analyst
manager-admin-services,Manager Admin Services
database-analyst,Database Analyst
"director-general,-corporate-planning-and-management","Director General, Corporate Planning and Management"
head-administrative-services,Head Administrative Services
head-publication,Head Publication
"director-general,-economic-policy-directorate","Director General, Economic Policy Directorate"
"director-general,-evaluation-directorate","Director General, Evaluation Directorate"
evaluation-officer,Evaluation Officer
evaluator,Evaluator
junior-eval.-officer/analyst,Junior Eval. Officer/Analyst
senior-risk-management-analyst,Senior Risk Management Analyst
evaluation-manager,Evaluation Manager
"executive-director,-special-projects","Executive Director, Special Projects"
"director,-innovation-lab","Director, Innovation Lab"
"director,-service-governance","Director, Service Governance"
executive-admin-assistant,Executive Admin Assistant
business-strategies-consultant,Business Strategies Consultant
policy-lead,Policy Lead
junior-business-analyst,Junior Business Analyst
"director-general,-social-policy","Director General, Social Policy"
senior-adv-strategic-policy,Senior Adv Strategic Policy
senior-methodologist,Senior Methodologist
acting-manager,Acting Manager
briefing-coordinator,Briefing Coordinator
document-control-coord-officer,Document Control Coord Officer
deputy-minister-of-labour,Deputy Minister of Labour
claims-officer,Claims Officer
claims-administrator-clerk,Claims Administrator Clerk
officer-labour-affairs,Officer Labour Affairs
early-resolution-officer,Early Resolution Officer
"tech-advisor,-labour-standards","Tech Advisor, Labour Standards"
service-manager,Service Manager
sr-investigator-tech-coord,Sr Investigator Tech Coord
labour-affairs-clerk,Labour Affairs Clerk
manager-labour,Manager Labour
labour-program-assistant,Labour Program Assistant
district-manager,District Manager
service-delivery-assistant,Service Delivery Assistant
regional-manager-labour,Regional Manager Labour
regional-indus-hygiene-tech,Regional Indus Hygiene Tech
manager-reg-ops-compliance,Manager Reg Ops Compliance
"senior-advisor,-learning","Senior Advisor, Learning"
senior-officer,Senior Officer
manager-labour-stnd-ops,Manager Labour Stnd Ops
manager-osh-compliance-ops,Manager OSH Compliance Ops
"tech-advisor,-ohs","Tech Advisor, OHS"
technical-services-officer,Technical Services Officer
industrial-hygiene-tech,Industrial Hygiene Tech
"tech,-occupational-health-sfty","Tech, Occupational Health Sfty"
senior-learning-specialist,Senior Learning Specialist
project-coordinator,Project Coordinator
"assistant-deputy-minister,-policy,-dispute-resolution-and-international-affairs","Assistant Deputy Minister, Policy, Dispute Resolution and International Affairs"
"director-general,-federal-mediation-and-conciliation-service","Director General, Federal Mediation and Conciliation Service"
"director,-dispute-prevention-and-relationship-development-services","Director, Dispute Prevention and Relationship Development Services"
industrial-relations-analyst,Industrial Relations Analyst
admin-assist-reg-office-coord,Admin Assist Reg Office Coord
mediation-conciliation-officer,Mediation Conciliation Officer
senior-program-dev-officer,Senior Program Dev Officer
"director-general-?-international,-intergovernmental-labour-affairs","Director General ? International, Intergovernmental Labour Affairs"
"director,-bilateral-and-regional-labour-affairs","Director, Bilateral and Regional Labour Affairs"
"executive-director,-secretariat-to-the-expert-panel","Executive Director, Secretariat to the Expert Panel"
assistant-director,Assistant Director
collective-bargaining-spec,Collective Bargaining Spec
workplace-information-analyst,Workplace Information Analyst
workplace-information-officer,Workplace Information Officer
special-assistant,Special Assistant
"senior-associate-deputy-minister-of-esdc-and-chief-operating-officer,-service-canada","Senior Associate Deputy Minister of ESDC and Chief Operating Officer, Service Canada"
adm,ADM
executive-services-coordinator,Executive Services Coordinator
sr-ex-dir,Sr Ex Dir
citizen-services-specialist,Citizen Services Specialist
program-service-delivery-clerk,Program Service Delivery Clerk
integrity-services-officer,Integrity Services Officer
communications-mktg-consultant,Communications Mktg Consultant
communications-marketing--adv,Communications Marketing  Adv
senior-research-assistant,Senior Research Assistant
"manager,-socio-economic-info","Manager, Socio Economic Info"
"analyst,-socio-economic-info","Analyst, Socio Economic Info"
region-anlst-socio-eco-inf,Region Anlst Socio Eco Inf
information-analyst-researcher,Information Analyst Researcher
business-expertise-advisor,Business Expertise Advisor
atip-officer,ATIP Officer
corporate-services-consultant,Corporate Services Consultant
"generalist,-admin-services","Generalist, Admin Services"
program-project-manager,Program Project Manager
senior-project-leader,Senior Project Leader
project-advisor,Project Advisor
support-clerk,Support Clerk
medical-adj-consultant-nhq,Medical Adj Consultant NHQ
project-assistant,Project Assistant
senior-testing-officer,Senior Testing Officer
mgr-it-projects-online-service,Mgr IT Projects Online Service
business-expertise-sr-consult,Business Expertise Sr Consult
business-intelligence-consult,Business Intelligence Consult
manager/chief,Manager/Chief
senior-entitlement-officer,Senior Entitlement Officer
policy-advisor,Policy Advisor
entitlement-officer-policy,Entitlement Officer Policy
senior-executive-advisor,Senior Executive Advisor
chief-atip,Chief ATIP
insurance-service-specialist,Insurance Service Specialist
"manager,-employee-engagement","Manager, Employee Engagement"
revisor-editor,Revisor Editor
sr-accomodation-admin-offcr,Sr Accomodation Admin Offcr
"director-general,-in-person-operations-and-strategies","Director General, In Person Operations and Strategies"
sd,SD
administrative-manager,Administrative Manager
business-performance-analyst,Business Performance Analyst
telecommunications-specialist,Telecommunications Specialist
sr-program-adv-(supervisory),Sr Program Adv (Supervisory)
web-publishing-specialist,Web Publishing Specialist
web-coordinator,Web Coordinator
coordinator-web-publishing,Coordinator Web Publishing
web-specialist,Web Specialist
web-developer,Web Developer
web-master,Web Master
service-quality-officer,Service Quality Officer
senior-communication-officer,Senior Communication Officer
communications-assistant,Communications Assistant
sr-officer-business-strategies,Sr Officer Business Strategies
special-projects-manager,Special Projects Manager
team-leader-projet-dev,Team Leader Projet Dev
programmer-analyst-team-leader,Programmer Analyst Team Leader
internet-document-specialist,Internet Document Specialist
officer-client-services,Officer Client Services
team-leader-gol,Team Leader GOL
senior-portfolio-officer,Senior Portfolio Officer
lead-enquiry-centre-applicatin,Lead Enquiry Centre Applicatin
officer-web-products,Officer Web Products
assoc.-adm,Assoc. ADM
senior-executive-policy-adviso,Senior Executive Policy Adviso
dg---internal-integrity-and-chief-security-officer,DG - Internal Integrity and Chief Security Officer
security-advisor,Security Advisor
assistant-mgr-pers-security,Assistant Mgr Pers Security
personnel-security-admin,Personnel Security Admin
comsec-safety-officer,COMSEC Safety Officer
manager-corporate-security,Manager Corporate Security
senior-investigator,Senior Investigator
manager-special-investigation,Manager Special Investigation
jr-program-officer,Jr Program Officer
administrative-asst-support,Administrative Asst Support
executive-services-officer,Executive Services Officer
senior-citizen-services-spec,Senior Citizen Services Spec
research-leader,Research Leader
consultant-advisor,Consultant Advisor
"analyst,-performance-measure","Analyst, Performance Measure"
"assistant-deputy-minister,-quebec-region","Assistant Deputy Minister, Quebec Region"
administrative-liaison-coord,Administrative Liaison Coord
admin-advisor-services,Admin Advisor Services
communications-marketing-offcr,Communications Marketing Offcr
senior-operations-manager,Senior Operations Manager
researcher/-analyst,Researcher/ Analyst
senior-advisor-ops-admin-fin,Senior advisor Ops Admin fin
business-support-assistant,Business Support Assistant
operational-admin-fin-coord,Operational Admin Fin Coord
"asst,-ppt-print-centre-support","Asst, PPT Print Centre Support"
admin.-business-supp.-offcr.,Admin. Business Supp. Offcr.
regional-training-officer,Regional Training Officer
sr-consultant-serv-delivery,Sr Consultant Serv Delivery
support-clerks,Support Clerks
web-analyst-officer,Web Analyst Officer
chief-cost-analysis-reports,Chief Cost Analysis Reports
"manager,-operations","Manager, Operations"
region-finances-group-manager,Region Finances Group Manager
"jr-officer,-real-property-proj","Jr Officer, Real Property Proj"
"sr-analyst,-business-analysis","Sr Analyst, Business Analysis"
mgr-comp-prog-umcc-secreteriat,Mgr Comp Prog UMCC Secreteriat
"manager,-client-services","Manager, Client Services"
financial-analyst-post-audit,Financial Analyst Post Audit
sr-coordinator-exec-committe,Sr Coordinator Exec Committe
integrity-serv-investigator,Integrity Serv Investigator
assistant-business-anlayst,Assistant Business Anlayst
citizen-services-officer,Citizen Services Officer
passport-clerk,Passport Clerk
manager-financial-management,Manager Financial Management
insurance-services-officer,Insurance Services Officer
"manager,-accounting-operations","Manager, Accounting Operations"
information-system-officer,Information System Officer
programmer-analyst-application,Programmer Analyst Application
operations-analyst,Operations Analyst
jr-health-safety-prog-offcr,Jr Health Safety Prog Offcr
"training-officer,-ohs","Training Officer, OHS"
administrative-assistant-dg,Administrative Assistant DG
mgr-policy-&-prog-dev-ctr-agen,Mgr Policy & Prog Dev Ctr Agen
"officer,-program-services","Officer, Program Services"
"officer,-passport","Officer, Passport"
"sr-manager,-sap-coe","Sr Manager, SAP COE"
communications-services-coord.,Communications Services Coord.
"junior-officer,-atip","Junior Officer, ATIP"
mgr-incidt-mgmt-lgl-disclosure,Mgr Incidt Mgmt Lgl Disclosure
special-assistant-dm,Special Assistant DM
driver-/-clerk,Driver / Clerk
"manager,-corporate-resource-management","Manager, Corporate Resource Management"
internal-control-officer,Internal Control Officer
junior-financial-analyst,Junior Financial Analyst
tb-submissions-officer,TB Submissions Officer
junior-internal-control-officr,Junior Internal Control Officr
"coordinator/officer,-project","Coordinator/Officer, Project"
"manager,-project-mgmt-services","Manager, Project Mgmt Services"
"advisor,-project-management","Advisor, Project Management"
pmis-support-officer,PMIS Support Officer
"sr-mgr,-proj-mgmt-&-planning","Sr Mgr, Proj Mgmt & Planning"
resource-planning-officer,Resource Planning Officer
corp-plan-standards-team-l,Corp Plan Standards Team L
case-officer,Case Officer
director-finance,Director Finance
manager-administrative-service,Manager Administrative Service
hr---coordinator,HR - Coordinator
administrative-generalist,Administrative Generalist
manager-corp-correspondence,Manager Corp Correspondence
linguistic-qual-control-offcr,Linguistic Qual Control Offcr
briefing-officer,Briefing Officer
"progmr-analyst,-applicn-dev","Progmr Analyst, Applicn Dev"
"progmr,-applicn-development","Progmr, Applicn Development"
"sr-advisor,-application-dev","Sr Advisor, Application Dev"
tech-adv-it-bus-line-supp-serv,Tech Adv IT Bus Line Supp Serv
"supp-anlst,-infrastructure/ops","Supp Anlst, Infrastructure/Ops"
"supp-tech,-infrastructure/ops","Supp Tech, Infrastructure/Ops"
"manager,-it-bus-line-supp-serv","Manager, IT Bus Line Supp Serv"
"anlst,-it-bus-line-supp-serv","Anlst, IT Bus Line Supp Serv"
team-ldr-it-bus-line-supp-serv,Team Ldr IT Bus Line Supp Serv
"sr-adv,-enterprise-architect","Sr Adv, Enterprise Architect"
"team-leader,-application-dev","Team Leader, Application Dev"
"manager,-applicn-development","Manager, Applicn Development"
forms-analyst,Forms Analyst
electronic-forms-officer,Electronic Forms Officer
client-services-officer,Client Services Officer
admin-support-offcr-italm-serv,Admin Support Offcr ITALM Serv
senior-project-management,Senior Project Management
"finance,-admin-&-hr-officer","Finance, Admin & HR Officer"
"sr.-officer,-quality-control","Sr. Officer, Quality Control"
administrative-services-offcr,Administrative Services Offcr
team-leader-claims-operations,Team Leader Claims Operations
labour-operations-manager,Labour Operations Manager
program-analyst-ii,Program Analyst II
plan-determination-officer,Plan Determination Officer
"clerk,-program-support","Clerk, Program Support"
"clerk,-office-support","Clerk, Office Support"
senior-appeals-officer,Senior Appeals Officer
admin.-resources-officer,Admin. Resources Officer
assistant-project-manager,Assistant Project Manager
account-executive,Account Executive
senior-security-anaylyst,Senior Security Anaylyst
internal-integrity-secur-offcr,Internal Integrity Secur Offcr
payment-services-officer,Payment Services Officer
junior-officer,Junior Officer
hrsc-quality-advisor,HRSC Quality Advisor
senior-manager,Senior Manager
fin-pol-syst-inter-cont-offcr,Fin Pol Syst Inter Cont Offcr
im-it-technical-expert,IM IT Technical Expert
"manager,-infrastructure/ops","Manager, Infrastructure/Ops"
"team-ldr,-infrastructure/ops","Team Ldr, Infrastructure/Ops"
"tech-adv,-infrastructure/ops","Tech Adv, Infrastructure/Ops"
"senior-advisor,-it-security","Senior Advisor, IT Security"
"technical-advisor,-security","Technical Advisor, Security"
"security-analyst,-security","Security Analyst, Security"
"team-leader,-security","Team Leader, Security"
"manager,-security","Manager, Security"
"dir,-project-portfolio-mgmt","Dir, Project Portfolio Mgmt"
"sr-advisor,-app.-development","Sr Advisor, App. Development"
dir-business-technology-serv,Dir Business Technology Serv
"tech-advisor,-db-&-data-admin","Tech Advisor, DB & Data Admin"
"manager,-db-&-data-admin","Manager, DB & Data Admin"
"db-analyst,-db-&-data-admin","DB Analyst, DB & Data Admin"
"team-leader,-db-&-data-admin","Team Leader, DB & Data Admin"
dir-internal-financial-audit,Dir Internal Financial Audit
director-audit,Director Audit
chief-cpp-accounting,Chief CPP Accounting
systems-testing-officer,Systems Testing Officer
manager-program-operations,Manager program operations
program-officer-?-citizen-services-and-program-delivery-branch,Program Officer ? Citizen Services and Program Delivery Branch
mgr-client-prog-delivery-supp,Mgr Client Prog Delivery Supp
"team-leader,-exec.-services","Team Leader, Exec. Services"
"sr-technical-expert,-geomatics","Sr Technical Expert, Geomatics"
"director,-projects-office","Director, Projects Office"
it-accessibility-technical-advisor,IT Accessibility Technical Advisor
senior-financial-anaylst,Senior Financial Anaylst
"anlst,-proj-assur-&-reporting","Anlst, Proj Assur & Reporting"
system-business-administrator,System Business Administrator
linguistic-services-advisor,Linguistic Services Advisor
learning-administrator,Learning Administrator
senior-policy-advisor,Senior Policy Advisor
"senior-manager,-info.-mgmt","Senior Manager, Info. Mgmt"
"mgr,-im/rm-pol,-pla-per.-mgmt","Mgr, IM/RM Pol, Pla-Per. Mgmt"
policy-systems-officer,Policy Systems Officer
"assistant,-im-support","Assistant, IM Support"
"manager,-im/rm-services","Manager, IM/RM Services"
"specialist,-im/rm","Specialist, IM/RM"
"analyst,-im/rm","Analyst, IM/RM"
chief-nhq-records-mail-serv,Chief NHQ Records Mail Serv
"officer,-records-management","Officer, Records Management"
"clerk,-records-management","Clerk, Records Management"
"lead,-im/rm","Lead, IM/RM"
"mgr,-enterprise-architecture","Mgr, Enterprise Architecture"
"tech-adv,-enterprise-architect","Tech Adv, Enterprise Architect"
senior-policy-systems-offcr,Senior Policy systems Offcr
"proj-ldr,-enterprise-architect","Proj Ldr, Enterprise Architect"
"sr-advisor,-liaison/dac","Sr Advisor, Liaison/DAC"
chief-executive-officer,Chief Executive Officer
tech-adv-app-dev/db-data-admin,Tech Adv App Dev/DB Data Admin
statistical-research-coord,Statistical Research Coord
operations-liaison-officer,Operations Liaison Officer
team-leader-publication-coord,Team Leader Publication Coord
chief-bus-resumptn-planif-pol,Chief Bus Resumptn Planif pol
it-investigation-officer,IT Investigation Officer
senior-project-mgmt-advisor,Senior Project Mgmt Advisor
internal-audit-trainee,Internal Audit Trainee
financial-consultant,Financial Consultant
sr-paralegal/data-base-mgmt,Sr Paralegal/Data Base Mgmt
"officer,-scheduling","Officer, Scheduling"
"analyst,-research-and-policy","Analyst, Research and Policy"
"senior-manager,-apmpp","Senior Manager, APMPP"
gestionnaire-princ.-projet,Gestionnaire princ. projet
chief-monitoring-fin-controler,Chief Monitoring Fin Controler
"sr-advisor,-internal-comms","Sr Advisor, Internal Comms"
officer-im-qa,Officer IM QA
"admin-asst,-pers-secur-screen","Admin Asst, Pers Secur screen"
media-monitoring-analysis,Media Monitoring Analysis
junior-policy-officer,Junior Policy Officer
briefing-and-corresp.-officer,Briefing and Corresp. Officer
business-planning-officer,Business Planning Officer
strategic-services-officer,Strategic Services Officer
compensation-advisor,Compensation Advisor
"officer,-editing-services","Officer, Editing Services"
appeals-support-clerk,Appeals Support Clerk
business-continuity-plan-offcr,Business Continuity Plan Offcr
chief-system-ops-post-audit,Chief System Ops Post Audit
chief-fin-system-acc-recevable,Chief Fin System Acc Recevable
relocation-travel-advisor,Relocation Travel Advisor
quality-assurance-reviewer,Quality Assurance Reviewer
performance-measurement-lead,Performance Measurement Lead
production-editor,Production Editor
"member,-nat-poverty-council","Member, Nat Poverty Council"
program-analyst,Program Analyst
minister-exempt-staff,Minister Exempt Staff
team-leader-web-dev-research,Team Leader Web Dev Research
"asst,-project-office-support","Asst, Project Office Support"
"advisor,-project-services","Advisor, Project Services"
"manager,-hrsc","Manager, HRSC"
dg-acc-sec,DG Acc Sec
"hr-lead,-casdo","HR Lead, CASDO"
"sr-advisor,-infrastructure/ops","Sr Advisor, Infrastructure/Ops"
manager-financial-audit,Manager Financial Audit
quality-control-editor,Quality Control Editor
senior-analyst-web-analytics,Senior Analyst Web Analytics
chief-national-acc-operations,Chief National Acc Operations
director-expend-accounting,Director Expend Accounting
"advisor,-procurement","Advisor, Procurement"
comp-liason-program-officer,Comp Liason Program Officer
head-executive-services,Head Executive Services
asst.-mgr.-finance-&-admin.,Asst. Mgr. Finance & Admin.
scheduling-personnel-asst-dm,Scheduling Personnel Asst DM
strategic-dev-consultant,Strategic Dev Consultant
senior-editor/revisor,Senior Editor/Revisor
chief-parliamentary-affairs,Chief Parliamentary Affairs
multimedia-developer,Multimedia Developer
adv-div-off-lang-emp-equity,Adv Div Off Lang Emp Equity
"asst-dir,-centre-of-expertise","Asst Dir, Centre of Expertise"
sr.-adm,Sr. ADM
"sr-mgr,-information-management","Sr Mgr, Information Management"
business-systems-analyst,Business Systems Analyst
"officer,-anls-&-qual-control","Officer, Anls & Qual Control"
information-officer,Information Officer
"coord,-it-and-web-services","Coord, IT and Web Services"
"senior-manager,-bms","Senior Manager, BMS"
service-canada-benefits-offcr,Service Canada Benefits Offcr
director-corporate-services,Director Corporate Services
editorial-assistant,Editorial Assistant
business-expertise-manager,Business Expertise Manager
data-migration-transform-anlst,Data Migration Transform Anlst
forms-letters-dev-offcr,Forms Letters Dev Offcr
"dir,-compensation-services","Dir, Compensation Services"
policy-systems-analyst,Policy Systems Analyst
manager-business-analysis-supp,Manager Business Analysis Supp
sr-project-technical-officr,Sr Project Technical Officr
policy-planning-officer,Policy Planning Officer
client-support-officer,Client Support Officer
head-project-officer,Head Project Officer
technical-support-officer,Technical Support Officer
head-accounts-control,Head Accounts Control
admin-edp-support-assistant,Admin EDP Support Assistant
"team-leader,-data-systems","Team Leader, Data Systems"
im-qm-assistant,IM QM Assistant
administrative-advisor,Administrative Advisor
"asst.-dir,-policy-&-programs","Asst. Dir, Policy & Programs"
chief-management-services,Chief Management Services
sr-advisor,Sr Advisor
"senior-manager,-real-property","Senior Manager, Real Property"
paralegal-trainee,Paralegal Trainee
executive-assistant-to-the-dm,Executive Assistant to the DM
executive-office-manager,Executive Office Manager
atip-system-administration,ATIP System Administration
"officer,-parliamentary-affairs","Officer, Parliamentary Affairs"
assoc.-cio,Assoc. CIO
fswep-college,FSWEP College
manager-injury-comp-ops-serv,Manager Injury Comp Ops Serv
head-chief-program,Head Chief Program
director-labour-programs,Director Labour Programs
agent(e)-en-administration,Agent(e) en administration
nhq-security-&-safety-officer,NHQ Security & Safety Officer
mgr-governor-council-unit,Mgr Governor Council Unit
special-advisor-to-the-deputy-minister,Special Advisor to the Deputy Minister
fswep-university-undergraduate,FSWEP University Undergraduate
press-secretary,Press Secretary
director-of-communications,Director of Communications
insurance-program-manager,Insurance Program Manager
briefing-parliamentary-affair,Briefing Parliamentary Affair
ops-coach-quality-asst-offcr,Ops Coach Quality Asst Offcr
sr-business-expertise-manager,Sr Business Expertise Manager
junior-atip-analyst,Junior ATIP Analyst
manager-ministerial-correspd,Manager ministerial Correspd
"manager,-finances-and-dcfo","Manager, Finances and DCFO"
coordinator-executive-service,Coordinator Executive Service
internship-univ-undrgrad-prog,Internship Univ Undrgrad Prog
program-policy-officer,Program Policy Officer
senior-committee-advisor,Senior Committee Advisor
exec.-adv,Exec. Adv
department,Department
senior-administrative-officer,Senior Administrative Officer
scheduling-assistant-adm,Scheduling Assistant ADM
chief-staf,Chief Staf
"coach,-pay-centre-expertise","Coach, Pay Centre Expertise"
ed-imitsp,ED IMITSP
"project-ldr/tech-adv,-planning","Project Ldr/Tech Adv, Planning"
"manager,-planning","Manager, Planning"
junior-paralegal-officer,Junior Paralegal Officer
mgr-workplace-info-analysis,Mgr Workplace Info Analysis
transition-manager,Transition Manager
senior-integrity-serv-offcr,Senior Integrity Serv Offcr
regional-financial-advisor,Regional Financial Advisor
"team-leader,-client-services","Team Leader, Client Services"
technical-advisor-comp-ben,Technical Advisor Comp Ben
"manager,-compensation-benefits","Manager, Compensation Benefits"
compensation-team-leader,Compensation Team Leader
human-resources-data-officer,Human Resources Data Officer
"team-leader,-hrsc","Team Leader, HRSC"
intern-integrty-secur-sr-offcr,Intern Integrty Secur Sr Offcr
hr-officer,HR officer
"advisor,-ohs","Advisor, OHS"
"senior-advisor,-ohs","Senior Advisor, OHS"
"assist,-health-&-safety-prog.","Assist, Health & Safety Prog."
ohs-coordinator,OHS Coordinator
"business-adv,-bus.-anls-serv","Business Adv, Bus. Anls Serv"
partnership-dev-officer,Partnership Dev Officer
"dir,-app-dev/db-&-data-admin","Dir, App Dev/DB & Data Admin"
tech-debt,Tech Debt
"dir,-infrastructure/operations","Dir, Infrastructure/Operations"
ed-pa&e,ED PA&E
"director,-spfs","Director, SPFS"
"officer,-it-and-web-services","Officer, IT and Web Services"
registrar,Registrar
legal-advisor,Legal Advisor
msscr00,MSSCR00
communications-marketing-mgr,Communications Marketing Mgr
learning-admin-assistant,Learning Admin Assistant
offcr-traing-cont-learng-ops,Offcr Traing Cont Learng Ops
"coord,ops-traing-contin-learng","Coord,Ops Traing contin Learng"
team-leader-chief-hr,Team Leader Chief HR
compensation-and-benefits-asst,Compensation And Benefits Asst
loans-payment-officer,Loans Payment Officer
network-technician,Network Technician
"coordinator,executive-services","Coordinator,Executive Services"
project-administration-officer,Project Administration Officer
user-experience-qa-analyst,User Experience QA Analyst
finance-intrn-control-officer,Finance Intrn Control Officer
"director,-centre-of-expertise","Director, Centre of Expertise"
financial-auditor,Financial Auditor
director-health-safety,Director Health Safety
manager-executive-committees,Manager Executive Committees
recruitment-program-officer,Recruitment Program Officer
chief-ei-accounting,Chief EI Accounting
manager-facilities-management,Manager Facilities Management
"mgr,-planning-&-administration","Mgr, Planning & Administration"
team-leader-sites-management,Team Leader Sites Management
chief-public-accnt-procedure,Chief Public Accnt Procedure
records-administrator,Records Administrator
financial-senior-auditor,Financial Senior Auditor
team-ldr-correspd-editing-serv,Team Ldr Correspd Editing Serv
chief,Chief
project-manager-unit-head,Project Manager Unit Head
moving-officer,Moving Officer
dir,Dir
medical-adjudicator,Medical Adjudicator
